sample_id,patient_id,durable_clinical_benefit_raw,benefit_group,analysis_included,age,m_stage,os_status,os_months,mutation_count,mutation_load,tmb_nonsynonymous,neoantigen_load,CBEST_T_CD8,CBEST_T_CD4_MEM_ACT,CBEST_T_FOL_HELP,CBEST_T_REG,CBEST_NK_ACT,CBEST_MACRO_M1,CBEST_MACRO_M2
Pat02,Pat02,SD,Durable clinical benefit,True,42.0,M1c,0:LIVING,54.4,228.0,233.0,7.56666666667,113.0,0.04659999,0.007939459,,0.00976999,0.0,0.017438523,0.06931586
Pat03,Pat03,PD,No durable benefit,True,61.0,M1c,1:DECEASED,3.333333333,367.0,372.0,12.3,131.0,0.0,0.0,,0.006993126,0.004281346,0.00042086,0.206682749
Pat04,Pat04,PR,Durable clinical benefit,True,71.0,M1b,0:LIVING,32.9,329.0,336.0,10.9333333333,271.0,0.109833063,0.047699535,,0.0,0.051133414,0.022255444,0.105871752
Pat06,Pat06,PD,No durable benefit,True,33.0,M1c,1:DECEASED,5.366666667,170.0,174.0,5.7,167.0,0.12930839,0.285727662,,0.0,0.0,0.105149954,0.464862423
Pat07,Pat07,SD,Durable clinical benefit,True,36.0,M0,0:LIVING,35.0,146.0,148.0,4.93333333333,99.0,,,,,,,
Pat08,Pat08,PD,No durable benefit,True,73.0,M1c,1:DECEASED,4.666666667,251.0,265.0,8.5,311.0,0.046140024,0.123057831,,0.0,0.0,0.104516767,0.128129598
Pat100,Pat100,PD,No durable benefit,True,70.0,M1c,1:DECEASED,12.0,503.0,519.0,16.8666666667,280.0,,,,,,,
Pat101,Pat101,PD,No durable benefit,True,75.0,M1c,1:DECEASED,9.6,50.0,50.0,1.66666666667,26.0,,,,,,,
Pat103,Pat103,PR,Durable clinical benefit,True,70.0,M1c,1:DECEASED,34.93333333,620.0,630.0,20.5333333333,348.0,,,,,,,
Pat104,Pat104,SD,Durable clinical benefit,True,45.0,M1c,1:DECEASED,7.9,34.0,35.0,1.13333333333,32.0,,,,,,,
Pat105,Pat105,PR,Durable clinical benefit,True,41.0,M0,0:LIVING,34.9,123.0,125.0,4.06666666667,66.0,,,,,,,
Pat106,Pat106,PD,No durable benefit,True,43.0,M1b,1:DECEASED,8.333333332999999,29.0,30.0,0.966666666667,28.0,,,,,,,
Pat109,Pat109,PD,No durable benefit,True,69.0,M1b,1:DECEASED,2.766666667,277.0,286.0,9.2,227.0,,,,,,,
Pat11,Pat11,PD,No durable benefit,True,67.0,M1c,0:LIVING,26.33333333,1932.0,1976.0,64.5333333333,1188.0,,,,,,,
Pat110,Pat110,PD,No durable benefit,True,76.0,M1b,1:DECEASED,10.66666667,6167.0,6301.0,205.933333333,3644.0,,,,,,,
Pat113,Pat113,PR,Durable clinical benefit,True,68.0,M1c,1:DECEASED,10.03333333,313.0,317.0,10.5,139.0,,,,,,,
Pat115,Pat115,PD,No durable benefit,True,45.0,M1c,1:DECEASED,4.833333333,72.0,76.0,2.4,69.0,,,,,,,
Pat117,Pat117,PR,Durable clinical benefit,True,73.0,M1c,0:LIVING,30.46666667,676.0,689.0,22.5666666667,549.0,,,,,,,
Pat118,Pat118,PD,No durable benefit,True,43.0,M1c,1:DECEASED,10.43333333,109.0,113.0,3.66666666667,60.0,0.036672798,0.032076451,,0.0,0.022182839,0.098610807,0.195826052
Pat119,Pat119,PD,No durable benefit,True,61.0,M0,0:LIVING,26.93333333,287.0,301.0,9.6,201.0,0.019264272,0.026518013,,0.0,0.005922705,0.021805925,0.053444118
Pat121,Pat121,PD,No durable benefit,True,46.0,M1c,1:DECEASED,4.066666667,60.0,63.0,2.1,24.0,,,,,,,
Pat123,Pat123,SD,Durable clinical benefit,True,50.0,M1c,1:DECEASED,28.43333333,470.0,482.0,15.7,255.0,0.054000802,0.033394878,,0.0,0.006799164,0.012480809,0.054552341
Pat124,Pat124,PD,No durable benefit,True,78.0,M1b,1:DECEASED,4.866666667,423.0,441.0,14.0666666667,311.0,,,,,,,
Pat126,Pat126,PR,Durable clinical benefit,True,77.0,M1b,0:LIVING,21.36666667,386.0,397.0,12.8666666667,238.0,0.029885822,0.003654861,,0.0,0.020960623,0.02797612,0.087628179
Pat127,Pat127,PD,No durable benefit,True,25.0,M1c,1:DECEASED,11.06666667,107.0,109.0,3.6,62.0,,,,,,,
Pat128,Pat128,PD,No durable benefit,True,29.0,M1c,1:DECEASED,3.766666667,75.0,76.0,2.5,25.0,,,,,,,
Pat129,Pat129,PD,No durable benefit,True,18.0,M1b,0:LIVING,17.96666667,106.0,107.0,3.53333333333,85.0,,,,,,,
Pat13,Pat13,PD,No durable benefit,True,78.0,M0,1:DECEASED,24.4,107.0,110.0,3.56666666667,60.0,,,,,,,
Pat130,Pat130,PD,No durable benefit,True,76.0,M1c,1:DECEASED,1.5,193.0,197.0,6.5,140.0,,,,,,,
Pat131,Pat131,SD,Durable clinical benefit,True,32.0,M1c,1:DECEASED,8.566666667,100.0,102.0,3.33333333333,74.0,,,,,,,
Pat132,Pat132,PR,Durable clinical benefit,True,81.0,M1c,0:LIVING,22.53333333,1837.0,1862.0,61.4333333333,910.0,,,,,,,
Pat133,Pat133,PD,No durable benefit,True,76.0,M1b,1:DECEASED,18.06666667,223.0,228.0,7.46666666667,114.0,,,,,,,
Pat135,Pat135,PD,No durable benefit,True,29.0,M1c,1:DECEASED,2.7,234.0,238.0,7.8,227.0,,,,,,,
Pat138,Pat138,SD,Durable clinical benefit,True,39.0,M1c,1:DECEASED,49.26666667,5013.0,5120.0,167.6,3166.0,,,,,,,
Pat139,Pat139,PD,No durable benefit,True,58.0,M1c,1:DECEASED,3.3,1390.0,1429.0,46.5,1918.0,,,,,,,
Pat14,Pat14,PD,No durable benefit,True,48.0,M1c,1:DECEASED,5.433333332999999,44.0,46.0,1.43333333333,23.0,0.030433025,0.002315265,,0.0,0.0,0.018398013,0.118995764
Pat140,Pat140,PD,No durable benefit,True,62.0,M1c,1:DECEASED,16.4,316.0,326.0,10.5666666667,257.0,,,,,,,
Pat143,Pat143,PD,No durable benefit,True,71.0,M1c,1:DECEASED,5.1,864.0,878.0,28.9666666667,1063.0,,,,,,,
Pat147,Pat147,PD,No durable benefit,True,63.0,M1a,1:DECEASED,7.466666667,531.0,542.0,17.8666666667,236.0,,,,,,,
Pat148,Pat148,PD,No durable benefit,True,35.0,M1c,1:DECEASED,2.8,220.0,227.0,7.43333333333,131.0,,,,,,,
Pat15,Pat15,PD,No durable benefit,True,32.0,M1c,1:DECEASED,1.6666666669999999,237.0,242.0,7.96666666667,271.0,0.0,0.0,,0.001698233,0.0,0.001168976,0.0
Pat151,Pat151,PD,No durable benefit,True,68.0,M1c,1:DECEASED,6.8,1717.0,1754.0,57.3,1633.0,,,,,,,
Pat157,Pat157,X,Indeterminate,False,69.0,M1c,1:DECEASED,2.866666667,129.0,132.0,4.3,77.0,,,,,,,
Pat159,Pat159,PD,No durable benefit,True,51.0,M1b,0:LIVING,28.06666667,460.0,471.0,15.4333333333,139.0,,,,,,,
Pat16,Pat16,PD,No durable benefit,True,68.0,M1b,1:DECEASED,27.03333333,1846.0,1911.0,61.6,1606.0,0.110946992,0.068389679,,0.0,0.0,0.065016947,0.062546297
Pat160,Pat160,PD,No durable benefit,True,79.0,M1c,1:DECEASED,5.066666667,51.0,54.0,1.7,43.0,,,,,,,
Pat162,Pat162,PD,No durable benefit,True,55.0,M1c,1:DECEASED,7.033333333,52.0,54.0,1.73333333333,29.0,,,,,,,
Pat163,Pat163,PD,No durable benefit,True,54.0,M1c,0:LIVING,24.96666667,93.0,94.0,3.13333333333,93.0,,,,,,,
Pat165,Pat165,PD,No durable benefit,True,50.0,M1c,1:DECEASED,3.833333333,69.0,69.0,2.3,76.0,,,,,,,
Pat166,Pat166,X,Indeterminate,False,31.0,M1c,1:DECEASED,2.566666667,55.0,57.0,1.83333333333,44.0,,,,,,,
Pat167,Pat167,PD,No durable benefit,True,50.0,M1c,1:DECEASED,13.6,33.0,33.0,1.1,27.0,,,,,,,
Pat168,Pat168,X,Indeterminate,False,68.0,M1c,1:DECEASED,2.233333333,240.0,245.0,8.1,306.0,,,,,,,
Pat17,Pat17,PD,No durable benefit,True,44.0,M1c,1:DECEASED,6.833333333,215.0,219.0,7.16666666667,59.0,,,,,,,
Pat170,Pat170,PD,No durable benefit,True,48.0,M1c,1:DECEASED,3.6,229.0,234.0,7.6,181.0,,,,,,,
Pat171,Pat171,PD,No durable benefit,True,66.0,M1a,1:DECEASED,15.53333333,96.0,99.0,3.23333333333,40.0,,,,,,,
Pat174,Pat174,PR,Durable clinical benefit,True,57.0,M1a,0:LIVING,22.93333333,656.0,668.0,21.8333333333,355.0,,,,,,,
Pat175,Pat175,X,Indeterminate,False,67.0,M1a,1:DECEASED,3.0,86.0,89.0,2.9,69.0,,,,,,,
Pat18,Pat18,PD,No durable benefit,True,55.0,M0,0:LIVING,26.6,32.0,32.0,1.06666666667,5.0,,,,,,,
Pat19,Pat19,PD,No durable benefit,True,59.0,M1c,1:DECEASED,5.833333333,458.0,470.0,15.2333333333,416.0,0.139971931,0.046926474,,0.011661634,0.0,0.095800464,0.197481464
Pat21,Pat21,SD,Durable clinical benefit,True,81.0,M1c,1:DECEASED,22.53333333,1349.0,1375.0,44.9333333333,679.0,,,,,,,
Pat24,Pat24,PR,Durable clinical benefit,True,74.0,M1b,0:LIVING,32.36666667,33.0,33.0,1.1,22.0,,,,,,,
Pat25,Pat25,PD,No durable benefit,True,69.0,M1c,1:DECEASED,10.83333333,49.0,51.0,1.63333333333,13.0,0.110905519,0.00989049,,0.0,0.027572375,0.016606476,0.100139074
Pat27,Pat27,PD,No durable benefit,True,61.0,M1c,0:LIVING,45.96666667,30.0,33.0,1.0,15.0,0.0195283,0.027976058,,0.0,0.0,0.004167702,0.128169168
Pat28,Pat28,PD,No durable benefit,True,77.0,M1c,1:DECEASED,39.46666667,736.0,750.0,24.6666666667,508.0,0.270628217,0.086708295,,0.0,0.062924255,0.115822071,0.05424399
Pat29,Pat29,X,Indeterminate,False,82.0,M1c,0:LIVING,44.2,35.0,37.0,1.16666666667,50.0,0.00311097,0.053912168,,0.0,0.0,0.029854917,0.143202445
Pat32,Pat32,PD,No durable benefit,True,72.0,M1c,1:DECEASED,4.9,699.0,714.0,23.3666666667,591.0,,,,,,,
Pat33,Pat33,PD,No durable benefit,True,65.0,M1c,1:DECEASED,7.033333333,13.0,15.0,0.433333333333,8.0,0.0,0.004791564,,0.0,0.0,0.001227299,0.024386321
Pat36,Pat36,PD,No durable benefit,True,52.0,M1c,1:DECEASED,1.8,11.0,12.0,0.366666666667,6.0,0.001800749,0.0,,0.00448481,0.0,0.002835452,0.005040123
Pat37,Pat37,PD,No durable benefit,True,47.0,M1c,1:DECEASED,2.333333333,101.0,108.0,3.4,30.0,0.05384247,0.07675244,,0.0,0.0,0.018100983,0.059149984
Pat38,Pat38,PR,Durable clinical benefit,True,45.0,M1c,0:LIVING,51.3,2349.0,2398.0,78.4666666667,2503.0,0.277366564,0.07124399,,0.0,0.044432204,0.070760226,0.219120381
Pat39,Pat39,CR,Durable clinical benefit,True,67.0,M1b,0:LIVING,49.56666667,73.0,75.0,2.43333333333,62.0,0.076773613,0.0,,0.0,0.0,0.005770809,0.379674368
Pat40,Pat40,PD,No durable benefit,True,74.0,M1c,1:DECEASED,1.133333333,105.0,108.0,3.5,89.0,0.026682122,0.005950952,,0.0,0.0,0.008323365,0.076878563
Pat41,Pat41,PD,No durable benefit,True,64.0,M1c,1:DECEASED,4.266666667,338.0,345.0,11.3,261.0,0.0,0.0,,0.0,0.0,0.0,0.0
Pat43,Pat43,PD,No durable benefit,True,75.0,M1b,1:DECEASED,1.233333333,163.0,168.0,5.46666666667,60.0,0.352621122,0.041278783,,0.0,0.068995678,0.135413913,0.374470489
Pat44,Pat44,PD,No durable benefit,True,57.0,M1c,1:DECEASED,9.033333333,31.0,32.0,1.03333333333,15.0,0.0,0.002418353,,0.0,0.0,0.0,0.023193769
Pat45,Pat45,PD,No durable benefit,True,68.0,M1c,1:DECEASED,2.9666666669999997,909.0,937.0,30.2333333333,713.0,0.0,0.0,,0.0,0.0,0.0,0.000142548
Pat46,Pat46,PD,No durable benefit,True,36.0,M1b,1:DECEASED,5.333333333,233.0,244.0,7.83333333333,80.0,0.0,0.0,,0.0,0.0,0.006346226,0.06419787
Pat47,Pat47,CR,Durable clinical benefit,True,78.0,M1c,0:LIVING,36.86666667,135.0,137.0,4.5,112.0,0.015479473,0.027598577,,0.0,0.0,0.007048268,0.080348575
Pat49,Pat49,SD,Durable clinical benefit,True,36.0,M1c,0:LIVING,34.46666667,650.0,669.0,21.8333333333,323.0,0.410683592,0.244303786,,0.050261683,0.206561298,0.203616556,0.215510525
Pat50,Pat50,PD,No durable benefit,True,77.0,M1c,1:DECEASED,2.166666667,433.0,444.0,14.5,523.0,0.053747772,0.026095269,,0.0,0.0,0.016298997,0.055979744
Pat54,Pat54,PD,No durable benefit,True,73.0,M1c,1:DECEASED,6.933333332999999,840.0,866.0,28.0,679.0,,,,,,,
Pat55,Pat55,PD,No durable benefit,True,71.0,M1c,1:DECEASED,6.433333332999999,472.0,484.0,15.8,483.0,,,,,,,
Pat56,Pat56,PD,No durable benefit,True,68.0,M1c,1:DECEASED,7.833333333,43.0,44.0,1.43333333333,38.0,,,,,,,
Pat57,Pat57,PD,No durable benefit,True,69.0,M0,1:DECEASED,8.333333332999999,55.0,56.0,1.83333333333,32.0,,,,,,,
Pat58,Pat58,PD,No durable benefit,True,59.0,M0,1:DECEASED,21.73333333,1891.0,1921.0,63.2666666667,1971.0,,,,,,,
Pat59,Pat59,PD,No durable benefit,True,36.0,M1b,1:DECEASED,7.466666667,265.0,273.0,8.8,309.0,,,,,,,
Pat60,Pat60,PD,No durable benefit,True,86.0,M1c,1:DECEASED,9.066666667,727.0,738.0,24.2333333333,472.0,,,,,,,
Pat62,Pat62,PD,No durable benefit,True,76.0,M1c,1:DECEASED,20.06666667,1351.0,1379.0,45.1,1340.0,,,,,,,
Pat63,Pat63,CR,Durable clinical benefit,True,65.0,M0,0:LIVING,34.63333333,208.0,209.0,6.93333333333,48.0,,,,,,,
Pat64,Pat64,PD,No durable benefit,True,83.0,M1c,1:DECEASED,3.5333333330000003,644.0,659.0,21.4666666667,559.0,,,,,,,
Pat66,Pat66,SD,Durable clinical benefit,True,44.0,M0,0:LIVING,21.76666667,322.0,327.0,10.7333333333,242.0,,,,,,,
Pat67,Pat67,PD,No durable benefit,True,39.0,M1c,1:DECEASED,2.633333333,26.0,27.0,0.866666666667,11.0,,,,,,,
Pat70,Pat70,PD,No durable benefit,True,38.0,M1c,1:DECEASED,17.73333333,76.0,77.0,2.53333333333,38.0,,,,,,,
Pat71,Pat71,PD,No durable benefit,True,63.0,M1c,1:DECEASED,4.566666667,702.0,722.0,23.5333333333,726.0,,,,,,,
Pat73,Pat73,PR,Durable clinical benefit,True,71.0,M1c,1:DECEASED,14.73333333,235.0,243.0,7.86666666667,281.0,,,,,,,
Pat74,Pat74,PD,No durable benefit,True,73.0,M1c,1:DECEASED,6.433333332999999,498.0,509.0,16.6333333333,611.0,,,,,,,
Pat76,Pat76,PD,No durable benefit,True,74.0,M1c,1:DECEASED,4.633333333,192.0,198.0,6.4,82.0,,,,,,,
Pat77,Pat77,PR,Durable clinical benefit,True,21.0,M0,0:LIVING,34.3,364.0,375.0,12.1,251.0,,,,,,,
Pat78,Pat78,PD,No durable benefit,True,71.0,M1c,1:DECEASED,1.266666667,153.0,154.0,5.1,76.0,,,,,,,
Pat79,Pat79,PR,Durable clinical benefit,True,69.0,M1b,1:DECEASED,26.7,314.0,321.0,10.5,143.0,0.046122189,0.076130989,,0.0,0.0,0.014157865,0.014308751
Pat80,Pat80,SD,Durable clinical benefit,True,48.0,M1c,1:DECEASED,24.13333333,186.0,193.0,6.3,154.0,0.065557146,0.0533325,,0.0,0.00556079,0.034140578,0.055486288
Pat81,Pat81,PD,No durable benefit,True,54.0,M1a,1:DECEASED,20.93333333,110.0,111.0,3.66666666667,96.0,0.0,0.016863657,,0.0,0.0,0.002041774,0.055234419
Pat82,Pat82,PD,No durable benefit,True,54.0,M1c,1:DECEASED,3.4666666669999997,398.0,408.0,13.2333333333,179.0,,,,,,,
Pat83,Pat83,PD,No durable benefit,True,22.0,M1c,0:LIVING,34.23333333,37.0,37.0,1.23333333333,15.0,0.281496412,0.003328079,,0.005037709,0.038254261,0.074640459,0.079002972
Pat85,Pat85,PD,No durable benefit,True,83.0,M1c,1:DECEASED,15.26666667,403.0,408.0,13.4333333333,239.0,0.528967185,0.0,,0.040327263,0.106896502,0.270064074,0.214020913
Pat86,Pat86,SD,Durable clinical benefit,True,55.0,M1a,1:DECEASED,9.766666667,60.0,62.0,2.0,38.0,0.049853224,0.0,,0.0,0.014576658,0.02332376,0.169969557
Pat88,Pat88,SD,Durable clinical benefit,True,60.0,M1c,0:LIVING,32.96666667,1558.0,1597.0,51.9333333333,716.0,0.322276325,0.084048035,,0.0,0.05299048,0.111921848,0.04059812
Pat90,Pat90,PR,Durable clinical benefit,True,59.0,M1c,0:LIVING,33.5,201.0,207.0,6.73333333333,115.0,0.0810071,0.013542898,,0.0,0.0,0.079375535,0.072390505
Pat92,Pat92,PD,No durable benefit,True,49.0,M1c,1:DECEASED,4.1,38.0,39.0,1.26666666667,13.0,,,,,,,
Pat98,Pat98,PD,No durable benefit,True,57.0,M1c,1:DECEASED,4.666666667,33.0,33.0,1.1,16.0,0.041053149,0.002350381,,0.0,0.023486442,0.035924789,0.048396524
